Data ,sender_known_malicios,sender_domain_reputation_score,sender_spoof_detected,sender_temp_email_likelihood,dmarc_enforced,packer_detected,any_file_hash_malicious,max_metadata_suspicious_score,malicious_attachment_Count,has_executable_attachment,unscannable_attachment_present,total_yara_match_count,total_ioc_count,max_behavioral_sandbox_score,max_amsi_suspicion_score,any_macro_enabled_document,any_vbscript_javascript_detected,any_active_x_objects_detected,any_network_call_on_open,max_exfiltration_behavior_score,any_exploit_pattern_detected,total_embedded_file_count,max_suspicious_string_entropy_score,max_sandbox_execution_time,unique_parent_process_names,return_path_mismatch_with_from,return_path_known_malicious,return_path_reputation_score,reply_path_known_malicious,reply_path_diff_from_sender,reply_path_reputation_Score,smtp_ip_known_malicious,smtp_ip_geo,smtp_ip_asn,smtp_ip_reputation_score,domain_known_malicious,url_Count,dna_morphing_detected,domain_tech_stack_match_score,is_high_risk_role_targeted,sender_name_similarity_to_vip,urgency_keywords_present,request_type,content_spam_score,user_marked_as_spam_before,bulk_message_indicator,unsubscribe_link_present,marketing-keywords_detected,html_text_ratio,image_only_email,spf_result,dkim_result,dmarc_result,reverse_dns_valid,tls_version,total_links_detected,url_shortener_detected,url_redirect_chain_length,final_url_known_malicious,url_decoded_spoof_detected,url_reputation_score,ssl_validity_status,site_visual_similarity_to_known_brand,url_rendering_behavior_score,link_rewritten_through_redirector,token_validation_success,total_components_detected_malicious
D101,1,0.4549684019833173,0,2.5171507735797115e-10,1,0,0,0.3750286078747768,0,0,0,0,0,0.0205506908632116,0.11290890722351,0,0,0,0,0.3385125292354697,0,0,6,1.314587262594677e-13,"[""""]",0,0,0.0024038845053823,0,0,1.985456535583888e-07,0,0.954140015277751,0.000803584087117,0.0003036873888366,0,0,0,0.0,0,0.0010875540882858,0.8787095,vpn_or_mfa_reset,1.241472464793622e-07,0,0,0,0,0.0,0,pass,fail,temperror,1,TLS 1.2,4,0,0,0,0,0.1667597212075224,expired,9.314282129175918e-05,2.7321274957674138e-18,0,1,3
D102,0,0.0076559130622078,0,0.3077401176501306,1,0,0,0.1894393137696906,0,0,0,0,0,0.0164594240611836,0.0170783945802819,0,0,0,0,0.4911140152744196,0,0,5,4.1953875466062165e-61,"[""""]",0,0,1.0535058037252889e-07,0,0,0.0108856552505809,0,0.9206451585191,0.0097756990445054,0.089117510638658,0,0,0,0.0,0,0.0095078618620467,0.9794425,none,0.1922514035041601,0,0,0,0,0.0,0,pass,neutral,fail,1,TLS 1.3,0,1,0,0,0,3.571467688653466e-06,valid,3.489152161168067e-06,0.0103727734425389,0,1,0
D103,0,0.4868793495299413,0,0.5404370826747792,0,0,0,0.0,0,0,0,0,0,0.0,0.0,0,0,0,0,0.0,0,0,0,0.0,"[""""]",0,0,0.0057829137830696,0,0,1.310034534231787e-05,0,0.2402323853667275,4.182131930442491e-05,1.4427914000900867e-06,0,0,0,1.0,0,0.636454141510073,0.3439491,invoice_verification,0.1757524080413659,0,0,0,0,0.0,0,pass,pass,fail,1,TLS 1.3,0,0,0,0,0,1.2191440444365983e-16,valid,0.0009397023217948,0.0106278247666896,0,1,0
D104,0,1.5085818603295576e-05,0,0.0023492748763662,0,0,0,0.1694981517530883,0,0,0,0,0,0.000570449586069,0.1553774916278017,0,0,0,0,0.4098603197320606,0,0,4,2.05994465007195e-25,"[""""]",0,0,5.828533643078595e-14,0,0,0.6635694196039357,0,0.0239664573590926,8.794714144454403e-05,0.0034438973629652,0,0,0,1.0,0,0.2753289556777569,0.754163,none,1.8586636449638992e-08,0,0,0,0,0.0,0,pass,neutral,pass,1,TLS 1.3,0,0,0,0,0,2.3041861740266125e-05,self signed,0.0052461400070235,0.0909839766068467,0,1,0
D105,0,3.299217583613261e-12,0,0.1860865805701649,0,0,0,0.7164374912566003,0,0,0,0,0,0.0737720301539753,0.9990330139568306,0,0,0,0,0.9993721719095148,0,1,7,2.282846170929937e-20,"[""""]",0,0,0.0112345104216453,1,0,0.0025447580164648,0,0.0009371947201766,0.0738752963522972,0.3857414688892261,0,0,0,1.0,0,0.1390453637527634,0.9395399,none,0.000152409594553,0,0,0,0,0.0,0,pass,temperror,fail,1,TLS 1.0,3,0,0,0,0,0.5186056773927331,mismatch,0.8030386323896865,1.1540312453338872e-05,0,1,0
D106,0,0.5156713413016727,0,0.0009333718944485,0,0,0,0.0,0,0,0,0,0,0.0,0.0,0,0,0,0,0.0,0,0,0,0.0,"[""""]",0,0,0.2817973514851854,0,0,0.0032751649788014,0,1.7412852825921408e-10,0.004438703507582,0.0656429866035107,0,0,0,0.5,0,1.7489141093635816e-15,0.5234832,wire_transfer,0.323901099498079,0,0,0,1,0.0,0,fail,policy,fail,1,TLS 1.1,0,0,0,0,0,0.2979871619540573,valid,0.0045897055296599,0.3371869033956067,0,0,0
D107,0,0.7160903290307152,0,0.0011562034089695,0,0,0,0.0,0,0,0,0,0,0.0,0.0,0,0,0,0,0.0,0,0,0,0.0,"[""""]",0,0,4.415163652188581e-06,0,0,0.0445469488097483,0,0.0509892335084449,0.0516039234223625,6.495191208330678e-05,0,0,0,0.0,0,0.1441680500825928,0.8733713,none,2.353510329172893e-07,0,0,0,0,0.0,0,fail,temperror,fail,1,TLS 1.2,1,0,0,0,0,8.140207556973504e-07,expired,7.824797734382794e-05,0.3475818075684315,0,1,0
D108,0,0.0013515661609029,0,0.8519606938807375,0,0,0,0.0,0,0,0,0,0,0.0,0.0,0,0,0,0,0.0,0,0,0,0.0,"[""""]",0,0,0.0001724224767357,0,0,3.0247291159927e-06,0,0.0574441930048709,7.909230441835658e-08,0.2533694896296801,0,0,0,1.0,0,0.0024132156085404,0.8365432,none,0.2507201064274774,0,0,0,0,0.0,0,pass,policy,temperror,1,TLS 1.3,2,0,0,0,0,3.4579250448590297e-06,self signed,3.865045356946857e-05,1.8877677706918303e-05,0,1,4
D109,0,0.018590069771724,0,0.5070899367278231,0,0,0,0.0,0,0,0,0,0,0.0,0.0,0,0,0,0,0.0,0,0,0,0.0,"[""""]",0,0,8.199167786045938e-09,0,0,0.0434174328323722,0,0.001026809766252,0.0345726823569911,0.0954213636534986,0,0,0,1.0,0,3.1374654417772628e-06,0.5203718,none,0.0651411430816989,0,0,0,0,0.0,0,neutral,pass,none,1,TLS 1.2,2,0,0,0,0,0.0002364171713024,valid,4.2406978650910116e-11,0.3128220132610103,0,1,0
D110,0,0.2271581019076859,0,0.596807157045031,0,0,0,0.0,0,0,0,0,0,0.0,0.0,0,0,0,0,0.0,0,0,0,0.0,"[""""]",0,0,0.0001494051337189,0,0,0.0727669132371562,0,0.0071306218077803,0.0007527250771814,0.2166480613730804,0,2,0,1.0,0,5.360623071565412e-09,0.3782502,gift_card_request,0.1993773548095787,0,0,0,0,0.0,0,fail,fail,pass,1,TLS 1.1,0,0,0,0,0,0.0302174528486126,valid,0.1191039372528295,0.1041789637092303,0,1,1
D111,0,4.1481875031732194e-08,0,6.211298888714159e-16,0,0,0,1.8552217579251943e-05,0,0,0,0,0,0.0012070152493246,0.002418079287402,0,0,1,0,0.870755660635769,0,4,4,5.685641789480812e-44,"[""""]",0,0,0.1456023719796931,0,0,0.000649105823547,0,1.5934333926381233e-05,0.1583986931632636,0.0007786691789105,0,0,0,1.0,0,0.3094884412105456,0.2629884,wire_transfer,1.0367098285301936e-12,0,0,0,0,0.0,0,softfail,fail,fail,1,TLS 1.1,4,0,0,0,0,0.000969525082724,mismatch,0.2438787536620071,0.0175114046488037,0,0,1
D112,0,0.0005183272952041,0,1.0783640582147345e-12,0,0,0,0.0010801549784017,0,0,0,0,0,0.147228154017674,8.850153330113962e-07,0,0,0,0,0.3741166678257407,0,0,7,3.950993505577744e-64,"[""""]",0,0,0.0050795025603921,0,0,0.2686871185179697,0,0.0010002333681792,0.0252277998712386,0.1350203315004849,0,0,0,1.0,0,0.3716031242588625,0.1733022,document_download,2.7005353531745403e-08,0,0,0,0,0.0,0,pass,none,none,1,TLS 1.0,0,0,0,0,0,1.4733708627566892e-08,expired,2.044221558580809e-09,0.2085087331119283,0,1,0
D113,0,0.0117790120244082,0,0.0244497098881694,0,0,0,0.0,0,0,0,0,0,0.0,0.0,0,0,0,0,0.0,0,0,0,0.0,"[""""]",0,0,0.0006412762110454,0,0,9.794205526576807e-10,0,0.0062064512499678,0.0750163519916606,0.007098909629985,0,0,0,0.5,0,0.1632148787685151,0.0711882,none,5.131634406007093e-06,0,0,0,0,0.0,0,fail,fail,pass,1,TLS 1.2,0,0,0,0,0,0.0309218355015872,valid,0.0301602475875113,1.5411781890877492e-05,0,1,0
D114,0,0.0526429547785361,0,1.777605126543644e-05,0,0,0,0.0,0,0,0,0,0,0.0,0.0,0,0,0,0,0.0,0,0,0,0.0,"[""""]",0,0,1.4986436298173203e-05,0,0,4.478799080614375e-10,0,0.0985145966956895,4.7783975781986754e-08,0.0095097135155349,0,0,0,1.0,0,0.4264329421888966,0.6896035,sensitive_data_request,0.1200199617617708,0,0,0,0,0.0,0,pass,policy,fail,1,TLS 1.0,0,0,0,0,0,0.98056628876067,valid,1.2259000108913112e-09,9.727647724293621e-09,0,1,0
D115,0,0.0076378269823596,0,1.320301383729852e-09,0,0,0,0.8509383691105666,0,0,0,0,0,9.079157916567435e-05,0.4180208106459955,0,0,0,0,0.434385311365185,0,2,4,4.923311754269529e-16,"[""""]",0,0,0.0001061053026248,0,0,2.3130359518180115e-09,0,0.0037871531269416,0.0047931613717477,4.641113503381123e-11,0,0,0,1.0,0,0.0006745565345076,0.2486961,meeting_request,9.853736679715074e-10,0,0,0,0,1.1,0,pass,none,temperror,1,TLS 1.2,0,0,0,0,0,0.0773818964176763,valid,0.0042648062281348,1.1763368419515043e-05,0,1,3
D116,0,0.5352423973150555,0,0.0176052992679699,0,0,0,2.646914760595216e-05,0,0,0,1,0,0.0020604818018748,8.0686507506591e-09,0,1,0,0,0.2368873465174056,0,2,5,2.033855821114957e-58,"[""""]",0,0,0.7297134192482887,0,1,2.700876654292721e-10,0,0.7369757244225543,2.199410047835408e-07,0.0119008372077738,0,0,0,0.5,0,0.0112173544303797,0.9173688,none,9.790468580673406e-06,0,0,0,0,0.0,0,fail,policy,temperror,1,TLS 1.1,1,0,0,0,0,0.000469339047884,valid,9.408437934675252e-07,4.4467980227177963e-07,0,1,0
D117,0,0.5379197855321985,0,0.0521763312848931,0,0,0,0.0,0,0,0,0,0,0.0,0.0,0,0,0,0,0.0,0,0,0,0.0,"[""""]",0,0,0.0026090228936685,0,1,1.9160145640162763e-08,0,0.0001571764298198,0.9134215692525888,2.187277617359535e-05,0,0,0,0.5,0,8.824638930503727e-05,0.7746674,none,0.0024630149279966,0,0,0,0,0.0,0,fail,policy,none,1,TLS 1.0,0,0,0,0,0,7.414893420243984e-06,revoked,2.5883305178201264e-06,0.2532392879084504,0,1,0
D118,0,0.3437288629574213,0,7.008960396629931e-06,0,0,0,0.8355401175192816,0,0,0,0,0,0.006282777256842,0.0510342398846038,0,0,0,0,0.4786386169418053,0,3,4,4.287723540054363e-46,"[""""]",0,0,0.0004477300669596,1,0,7.719573466795407e-15,0,0.2687567577744639,0.0022620524409452,0.0282782154529762,0,0,0,1.0,0,5.2488277367187005e-09,0.0151704,legal_threat,0.09576248284952,0,0,0,0,0.0,0,pass,pass,pass,1,TLS 1.2,0,0,0,0,0,3.946895895704799e-18,valid,1.1508424378355409e-08,0.2578330880761879,0,1,3
D119,0,2.4407110428261297e-11,0,0.0040995294116367,0,0,0,0.1082518996938973,0,0,0,1,0,1.0214909149560194e-08,0.4736707914476751,0,0,0,0,0.644562244267889,0,0,5,39.6105583576495,"[""""]",0,0,0.0042211820015866,0,0,1.2099168359634404e-08,0,0.903160429745361,0.9153865026159248,0.0028881942408021,0,0,0,1.0,0,9.77622008460637e-06,0.2421643,link_click,0.0009104589058279,0,0,0,0,0.0,0,fail,pass,fail,1,TLS 1.1,0,0,0,0,0,9.56800158796164e-06,valid,2.987655869164985e-05,0.1557402972793763,0,1,1
D120,0,2.259274349217069e-09,0,0.0001464061129385,0,0,0,0.0,0,0,0,0,0,0.0,0.0,0,0,0,0,0.0,0,0,0,0.0,"[""""]",0,0,0.0497131609801316,0,0,3.299696685995417e-06,0,0.1807070044732269,0.3425441143411223,0.0022478391635432,0,0,0,1.0,0,1.6492928710807068e-10,0.2097134,bank_detail_update,9.8749635796254e-08,0,0,0,0,0.0,0,pass,none,fail,1,TLS 1.2,0,0,0,0,0,0.6644062630208561,valid,0.751474763567403,0.0024895954842582,0,1,0
D121,0,0.005460558762769,0,1.208290542491932e-07,0,0,0,0.3918381026397605,0,0,0,2,0,6.526625166926853e-06,0.0002140847900025,0,0,0,0,0.7714828192812454,0,0,7,2.93128791399079e-23,"[""""]",0,0,4.869575225049138e-06,0,0,8.21294220925787e-15,0,0.5331904303277983,0.0118315066393727,0.0020597576315406,0,0,0,1.0,0,0.0558599843295723,0.7265891,vpn_or_mfa_reset,0.1217361033334259,0,0,0,0,0.0,0,pass,none,fail,1,TLS 1.1,1,0,0,0,0,2.7946570503045844e-07,valid,0.0025454969478357,0.0002517564578216,0,1,0
D122,0,3.728705216395053e-21,0,3.178071892535869e-07,0,0,0,0.0,0,0,0,0,0,0.0,0.0,0,0,0,0,0.0,0,0,0,0.0,"[""""]",0,0,0.0152392955369772,0,0,2.2828492812837087e-05,0,0.1096534244450173,0.0060506914776577,0.833978868155132,0,0,0,1.0,0,0.0198942805144797,0.1127541,wire_transfer,0.2412443993485171,0,0,0,0,0.0,0,pass,none,pass,1,TLS 1.1,1,0,0,0,0,0.3485325135642658,valid,0.1228127912365315,8.387425587718073e-06,0,1,0
D123,0,8.247022484868107e-09,0,7.717111070904367e-06,0,0,0,0.0797682369590945,0,0,0,0,0,3.111051104758932e-05,0.1648433831040275,0,0,0,0,0.2710354098249983,0,0,4,1.7255570564500122e-06,"[""""]",0,0,0.0007003836991392,0,0,0.0384927081609618,0,0.0123847277569583,0.13585029759137,0.0185501459916957,0,0,0,1.0,0,0.0007023920964565,0.6123251,gift_card_request,2.2850791782422705e-07,0,0,0,0,0.0,0,pass,none,fail,1,TLS 1.1,0,0,0,0,0,0.2362191550638258,valid,0.6392960187067829,0.0015457847825447,0,1,0
D124,0,0.0814851196631377,0,0.0740427933676364,0,0,0,0.1058908901875055,0,0,0,1,0,0.1286199193198847,0.6868062459738763,0,0,0,0,0.8999684491220674,0,0,4,1.0514939255178345e-13,"[""""]",0,0,0.1855920153152537,0,0,0.015561755624599,0,0.3945492388021218,0.2154591542765403,0.0011739566607149,0,0,0,1.0,0,0.4434696508825952,0.1071268,none,0.0180910349856814,0,0,0,0,0.0,0,pass,none,none,1,TLS 1.1,0,0,0,0,0,2.811982216126457e-05,valid,0.4189567806675196,2.329753569030332e-05,0,1,2
D125,0,0.3836986619629575,0,0.0168372441954964,0,0,0,0.0026036690194309,0,0,1,5,0,5.0729206340433854e-08,5.949259203157525e-12,0,0,0,0,0.9874450823021892,0,0,4,0.0001349946101952,"[""""]",0,0,1.2460866773815214e-05,0,0,0.0243083028196399,0,0.5985469222448422,0.2546531652309652,0.2490464646224739,0,0,0,0.5,0,4.3104877981873415e-05,0.6487024,none,0.020495045372033,0,0,1,0,0.0,0,pass,none,none,1,TLS 1.3,0,0,0,0,0,0.5618594468584199,valid,1.650111294079913e-05,1.3634123690903978e-10,0,1,5
D126,0,0.019375673332048,0,0.031805906066562,0,0,0,0.0,0,0,0,0,0,0.0,0.0,0,0,0,0,0.0,0,0,0,0.0,"[""""]",0,0,0.0061405668346061,0,0,9.062630720293314e-09,0,0.000690895128571,4.9883194883842574e-05,1.1041661611367282e-10,0,0,0,0.5,0,0.6431933581835455,0.6972756,invoice_verification,6.229088549183073e-06,0,0,0,0,0.0,0,pass,none,none,1,TLS 1.2,1,0,0,0,0,0.1023928654480281,valid,0.0629263361419733,0.5870776787159695,0,1,0
D127,0,1.4464441332832441e-19,0,0.7081240712776538,0,0,0,0.0386908109539043,0,0,0,0,0,4.462775829248339e-06,0.5220410225904957,0,0,0,0,0.0781987383937771,0,0,4,5.143906695968313e-06,"[""""]",0,0,0.1572392679491574,0,0,0.0061619416798503,0,0.0002773872450518,0.01267986202204,1.3826270368176672e-05,0,0,0,1.0,0,0.0703916161274479,0.8372423,none,6.171758715310307e-11,0,0,0,0,0.0,0,pass,none,temperror,1,TLS 1.2,3,0,0,0,0,1.890795447162061e-17,valid,0.0587021159172707,3.3220163984659743e-09,0,1,0
D128,0,0.2243733419424094,0,0.0008067956431046,0,0,0,0.1819183540350546,0,0,0,0,0,0.0546447060865913,0.0004222367571059,0,0,0,0,0.5347100131935038,0,0,4,2.2773762353982363e-47,"[""""]",0,0,0.1190623455899151,0,0,4.597097258006794e-16,0,0.0001962618882855,2.3581696774174922e-17,7.278144048509807e-09,0,0,0,1.0,0,0.0023803564670653,0.102552,none,9.330058524028372e-07,0,0,0,0,0.0,0,pass,none,fail,1,TLS 1.2,4,0,0,0,0,0.1594236423497738,valid,0.0001456296308376,1.89799718292661e-09,0,1,2
D129,0,6.631000006461543e-05,0,0.2280164217031307,0,0,0,0.0,0,0,0,0,0,0.0,0.0,0,0,0,0,0.0,0,0,0,0.0,"[""""]",0,0,0.5272593498127008,0,0,0.2146560258801041,0,0.2570404189543534,0.0075295732765817,0.8313257209119961,0,0,0,1.0,0,1.5181178638858722e-06,0.6475081,wire_transfer,0.0010210406789941,0,0,0,0,0.0,0,fail,neutral,none,1,TLS 1.3,0,0,0,0,0,2.0867341734055543e-09,valid,0.1890100660807825,0.01916962523897,0,1,0
D130,0,0.0178931213316884,0,0.4126531842410756,0,0,0,0.0,0,0,0,0,0,0.0,0.0,0,0,0,0,0.0,0,0,0,0.0,"[""""]",0,0,0.0016414762660253,0,0,0.0250769044101045,0,0.0823142202205125,0.0155004945840337,6.377516833829052e-10,0,0,0,1.0,0,0.0464420642685979,0.1001772,none,1.8098116250411912e-06,0,0,0,0,0.0,0,pass,none,temperror,1,TLS 1.3,0,0,0,0,0,0.0066022997825694,self signed,0.8998644574089367,0.912400640837652,0,1,0
D131,0,0.0113121102917086,0,0.1215986795079831,0,0,0,0.0,0,0,0,0,0,0.0,0.0,0,0,0,0,0.0,0,0,0,0.0,"[""""]",0,0,0.0084414098496339,0,0,0.0004543528367984,0,0.0529711419105525,0.1291073628764213,0.0449575996375678,0,0,0,1.0,0,5.477784533239569e-05,0.672218,none,0.1159470480458294,0,0,0,0,0.0,0,pass,none,fail,1,TLS 1.2,0,0,0,0,0,0.0001168186848292,valid,0.4141495370479558,0.7742351114168955,0,1,0
D132,0,0.0757033453869677,0,0.0429918126657244,0,0,0,0.0,0,0,0,0,0,0.0,0.0,0,0,0,0,0.0,0,0,0,0.0,"[""""]",0,0,0.0225878069605609,0,0,8.49413205327037e-06,0,0.5103454787617504,4.42697997539912e-06,0.0016400595550624,0,0,0,0.5,0,0.0713273722187162,0.4104659,none,0.5497215706214629,0,0,0,0,0.0,0,fail,policy,none,1,TLS 1.2,0,0,0,0,0,0.0116607831264337,expired,0.0254572996270344,0.0001613180153474,0,0,0
D133,0,0.4922288215058764,0,0.0268655691147512,1,0,0,0.0,0,0,0,0,0,0.0,0.0,0,0,0,0,0.0,0,0,0,0.0,"[""""]",0,0,0.5128523902641898,0,0,0.0025824758374359,0,0.0006068345232591,0.0078355544264267,0.1844983159287048,0,0,0,0.5,0,0.0034384305367251,0.2807348,gift_card_request,0.0669674635515262,0,0,0,0,0.0,0,pass,none,temperror,1,TLS 1.0,4,0,0,0,0,0.1498124568864428,valid,2.9145322200091338e-06,0.0458831890792053,0,1,4
D134,0,0.0032179439706901,0,0.7642090387959982,0,0,0,0.0182483333150457,6,0,0,0,0,0.0496836739510773,0.0875586279838721,0,0,0,0,0.8653431481039464,0,0,4,3.090012157032148e-05,"[""""]",0,0,8.205168887784301e-25,0,0,0.001225923294312,0,0.1183966039483363,0.0318339415740736,0.0055991610197262,0,0,0,1.0,1,0.000148639622222,0.9741028,wire_transfer,0.0282871045887584,0,0,0,0,0.0,0,softfail,policy,none,1,TLS 1.2,0,0,0,0,0,1.1969808759774804e-06,valid,9.831562639666312e-05,0.5753265150141762,0,1,0
D135,0,4.707364820913488e-14,0,0.0025474811460344,1,0,0,2.391629752468368e-07,0,0,0,1,0,0.0012099463308978,2.3854424888910723e-06,0,0,1,0,0.8427829808573375,0,0,4,3.912231912232524e-13,"[""""]",0,0,3.157133018493889e-09,0,0,3.575145874003388e-07,0,0.0348735751082601,0.0226783087800519,0.0011283416807228,0,0,0,1.0,0,4.64917947634421e-07,0.3420836,document_download,4.126025039263257e-21,0,0,0,0,0.0,0,fail,fail,none,1,TLS 1.2,1,0,0,0,0,0.4775310825505611,valid,0.0240030317788863,0.4441497808065267,0,1,1
D136,0,0.009127266307509,0,0.000172152569506,0,0,0,0.0,0,0,0,0,0,0.0,0.0,0,0,0,0,0.0,0,0,0,0.0,"[""""]",0,0,2.749307944391184e-09,0,0,4.691875162969974e-05,0,0.0012864171288716,0.0060067830326604,0.0209289982468375,0,0,0,0.5,0,3.0933522559968355e-14,0.6909047,none,2.125742660951104e-06,0,0,0,0,0.0,0,pass,none,none,1,TLS 1.1,0,0,0,0,0,0.1193460519455116,valid,0.0417740206473984,0.2998682667331561,0,1,4
D137,0,1.4116104750785577e-21,0,0.1781172036924335,0,0,0,0.0,0,0,0,0,0,0.0,0.0,0,0,0,0,0.0,0,0,0,0.0,"[""""]",0,0,0.0592251704399744,0,0,3.5160886602317275e-06,0,0.061853273905629,0.0635108303258795,0.0095718179269195,0,0,0,0.0,0,0.0074204986586474,0.411308,sensitive_data_request,3.900360251701017e-06,0,0,0,0,0.0,0,pass,fail,fail,1,TLS 1.1,0,0,0,0,0,0.0038390821824193,valid,8.538527832513214e-07,0.107077418131975,0,1,3
D138,0,0.0014655407944857,0,0.7538136533789779,0,0,0,0.2691131997703659,0,0,0,7,0,3.756223066577028e-05,0.1677389327801741,0,0,1,0,0.0475649025691551,0,0,4,9.050535138069716e-75,"[""""]",0,0,0.0071227054873869,0,0,0.0001004054317852,0,1.027680522406807e-06,1.6305038890822234e-05,0.0061731816294144,0,0,0,0.5,0,0.095648591236424,0.7562681,meeting_request,1.12522334074163e-07,0,0,0,0,0.0,0,pass,neutral,permerror,1,TLS 1.2,0,0,0,0,0,5.079438777107008e-14,valid,1.707651030912235e-07,0.1252179405668851,0,1,3
D139,0,0.3874220985979748,0,1.4937402793121896e-07,0,0,0,0.0830711831021341,0,0,0,0,0,0.000344693196571,0.7041276124522734,0,0,0,0,0.8604131850822474,0,0,4,7.215550503283044e-07,"[""""]",0,0,0.0026214839966127,0,0,0.078562926239455,0,0.716573148647117,0.0024027254350831,2.434104608369765e-05,0,0,0,1.0,0,0.0125217629546292,0.3850443,none,1.7825109922620756e-05,0,0,0,0,0.0,0,pass,fail,pass,1,TLS 1.1,0,0,0,0,0,0.0020976043592142,valid,0.0001031226680304,0.0042100907572273,0,1,0
D140,0,0.1186999777470098,0,2.0526821214815799e-16,0,0,0,0.0,0,0,0,0,0,0.0,0.0,0,0,0,0,0.0,0,0,0,0.0,"[""""]",0,0,2.2434345782039127e-10,0,0,0.0664836655463575,0,0.0001708708915145,0.0828467978597971,0.0001558540520051,0,0,0,1.0,0,0.004748160459923,0.0594417,none,0.078115885973191,0,0,0,0,0.0,0,pass,none,fail,1,TLS 1.2,0,0,0,0,0,0.0021388327133515,self signed,0.001248982685016,0.773394939455351,0,1,4
D141,0,5.400403767021176e-10,0,7.6162392552675775e-06,0,0,0,0.3258178960639026,0,0,0,2,0,0.7312422966316,0.5954069461921636,0,0,0,0,0.1284390589056047,0,0,4,2.695667710954104e-06,"[""""]",0,1,1.3697514104426986e-10,1,0,2.6886668162710013e-07,0,0.0203320033353221,0.0166594487476417,0.0062243361563082,0,0,0,1.0,0,0.9115211961494644,0.2370526,legal_threat,0.1647860819989033,0,0,0,0,0.0,0,pass,policy,fail,1,TLS 1.2,1,0,0,0,0,8.652987912256082e-10,self signed,2.0267929449312343e-08,8.343750319263307e-15,0,1,0
D142,0,0.004808356781774,0,6.03339980072287e-06,0,0,0,0.0142490097559374,0,0,0,0,0,0.0017986060795522,0.0322060373407768,0,0,0,0,0.0496243442612548,0,0,4,0.0005537600704306,"[""""]",0,0,0.0053319134723943,1,0,0.6221606290727321,0,0.3072436924727028,0.0039128361641513,0.066179218765228,0,0,0,1.0,0,0.0072035252667068,0.3512903,link_click,4.154063540969911e-05,0,0,0,0,0.0,0,pass,pass,fail,1,TLS 1.2,0,0,0,0,0,0.0031936865145755,valid,0.0077825000206616,1.050374885587957e-06,0,1,4
D143,0,9.959781704678635e-11,0,0.5820412928694809,0,0,0,0.0,0,0,0,0,0,0.0,0.0,0,0,0,0,0.0,0,0,0,0.0,"[""""]",0,0,7.386208955289843e-09,0,0,0.0314880710682703,0,0.1193644148777187,0.1932762089229483,7.263806304420847e-07,0,0,0,0.5,0,0.0142896402523162,0.3269551,bank_detail_update,2.208031835138966e-05,0,0,0,0,0.0,0,fail,fail,fail,1,TLS 1.1,0,0,0,0,0,0.0630611546685454,mismatch,0.0002032674702714,2.704928426780166e-09,0,1,0
D144,0,0.6407659048552173,0,0.129550203102529,0,1,0,2.2982370817236286e-05,0,0,0,0,0,0.3414932049159624,0.0335594947735357,0,0,0,0,0.5303478500918073,0,0,4,2.5702966563377287e-43,"[""""]",0,0,0.0410289253347052,0,0,0.0006017457523898,0,0.1966329463442125,0.0376355595713207,0.0001502917794019,0,0,0,1.0,0,0.001837528656751,0.6156502,vpn_or_mfa_reset,0.0133202175533911,0,0,0,0,0.0,0,pass,fail,fail,1,TLS 1.1,1,0,0,0,0,0.916321428144292,valid,3.039361080080025e-06,0.841685822293677,0,1,0
D145,0,6.154272760933363e-07,1,4.967204658402845e-11,0,0,1,0.0582628855088886,0,0,1,0,0,0.0550095007236347,2.0943308389728257e-05,0,0,0,0,0.150484636643351,0,1,6,3.3898624834846154,"[""""]",0,0,1.4880385959328448e-05,0,0,0.9357261539969874,0,6.70754243635022e-06,0.031787744719179,3.945370958271635e-06,0,0,0,1.0,0,0.0011635397595859,0.9409995,vpn_or_mfa_reset,0.64886982061092,0,0,0,0,0.0,0,pass,none,none,1,TLS 1.2,1,0,0,0,0,1.6788751099789113e-06,expired,3.6007745416983804e-05,0.0100192774132428,0,1,0
D146,0,0.0177361335325058,0,2.2930447845967473e-09,0,1,0,0.0010509775086933,0,0,0,0,0,0.0008372123023816,3.391852795007537e-07,0,0,0,0,0.9357001415113578,0,0,5,7.016173994711178e-11,"[""""]",0,1,0.940574499371751,0,0,0.0400690587093432,0,0.5704453916474296,0.0107203388981931,0.0033238468731107,0,0,0,1.0,0,0.0238726858656598,0.7690917,none,1.608756558647637e-06,0,0,0,0,0.0,0,pass,neutral,temperror,1,TLS 1.1,0,0,0,0,0,2.1074455325995064e-09,valid,5.162363625255135e-12,0.0012325589864153,0,1,0
D147,0,0.2565293360458927,0,0.0631822273555715,1,0,0,0.0,0,0,0,0,0,0.0,0.0,0,0,0,0,0.0,0,0,0,0.0,"[""""]",0,0,0.218024804723362,0,1,0.2577449899309422,0,0.6576872561403002,0.0046723234210523,0.0167499788534646,0,0,0,1.0,0,3.752968370475045e-05,0.3758058,invoice_verification,0.3736446257844577,0,0,0,0,0.0,0,pass,none,permerror,1,TLS 1.3,4,0,0,0,0,0.0005429805853923,self signed,0.0204874631830217,0.3050822188236223,0,1,2
D148,0,0.0368532632525928,0,0.0131848050492403,0,0,1,0.1043095580869666,0,0,0,0,0,0.0005660377654544,0.0002086079725951,0,0,0,0,0.4388902693676129,0,0,7,4.440660493700882e-141,"[""""]",0,0,0.1074357346741951,0,0,0.0065849065377409,0,0.0017075278792498,0.336066277551922,9.891101378461951e-06,0,0,0,0.5,0,0.0040755637698942,0.0892018,none,0.0119693137697207,0,0,0,0,0.0,0,pass,none,fail,1,TLS 1.3,0,0,0,0,0,0.0454247630058944,valid,0.0374286419897275,0.4853066413615133,0,1,5
D149,0,0.4383121461097184,0,0.9835587613912534,0,0,0,0.0181980216450957,0,0,0,0,0,0.1769851086578699,0.0173499487895969,0,0,0,0,0.1315681078966479,0,1,4,0.1580316154013342,"[""""]",0,0,0.0003384911042202,0,0,0.4841502513295226,0,5.321748521509968e-07,0.0001692304250808,0.010341321644608,0,0,0,0.5,0,0.0984409154501732,0.2735962,none,5.917695373496115e-07,0,0,0,0,0.0,0,fail,policy,fail,1,TLS 1.3,2,0,0,0,0,0.0084477147670456,valid,2.960668062329849e-05,9.07292248314707e-06,0,1,2
D150,0,0.0663327466879878,0,0.0010636081919965,0,0,0,0.0,0,0,0,0,0,0.0,0.0,0,0,0,0,0.0,0,0,0,0.0,"[""""]",0,0,0.078747677028362,0,0,0.0026062620478728,0,0.0001184150040312,0.0505414073800775,2.1554155858866705e-06,0,0,0,1.0,0,3.741166818141596e-14,0.1853819,wire_transfer,0.0054216011140373,0,0,0,0,0.0,0,pass,fail,fail,1,TLS 1.3,0,0,0,0,0,5.409597555334597e-09,valid,1.3613184092927564e-08,0.0015562177012271,0,1,2
D151,0,0.018449824195776,0,0.2572516944631907,0,0,0,0.0,0,0,0,0,0,0.0,0.0,0,0,0,0,0.0,0,0,0,0.0,"[""""]",0,0,4.652514161483606e-06,0,0,0.0069396361641643,0,0.0412719890175161,0.0659794388245108,0.0002741514424532,0,0,0,1.0,0,7.88283946436744e-08,0.8929283,none,1.264183744824546e-09,0,0,0,0,0.0,0,fail,pass,pass,1,TLS 1.3,1,0,0,0,0,0.0008091065346774,valid,0.0063858807049028,0.0014683449375126,0,1,0
D152,0,0.1944261027926374,0,5.198859800604157e-05,0,0,0,0.0,0,0,0,0,0,0.0,0.0,0,0,0,0,0.0,0,0,0,0.0,"[""""]",0,0,2.0988223717929068e-06,0,0,6.983324396602287e-05,0,0.0502606025222175,2.534236013674068e-06,0.2133554055806487,0,0,0,1.0,0,4.154205677290104e-07,0.2620459,none,1.812677760952658e-11,0,0,0,0,0.0,0,pass,fail,fail,1,TLS 1.2,0,0,0,0,0,0.0385927784530358,valid,0.0006371975488234,7.87289972232654e-08,0,1,0
D153,0,1.4954196988978382e-06,0,0.0400765711387877,0,0,0,0.0,0,0,0,0,0,0.0,0.0,0,0,0,0,0.0,0,0,0,0.0,"[""""]",0,0,0.0909864014392031,0,0,3.383904984965825e-10,0,0.2515280824023648,9.765796143702815e-06,0.0174612920323748,0,0,0,0.5,0,0.0755797702025662,0.7204165,none,1.0816963895035958e-05,0,0,0,0,0.0,0,pass,policy,none,1,TLS 1.3,0,0,0,0,0,0.0168978607783339,valid,0.1540274373530989,0.0027247055722715,0,1,0
D154,0,0.6176420659080014,0,0.0097094634909233,0,0,0,0.0,0,0,0,0,0,0.0,0.0,0,0,0,0,0.0,0,0,0,0.0,"[""""]",0,0,0.1067480695658731,0,0,0.0313979552825651,0,0.0198800279327781,0.0151489786104819,0.686040923674392,0,0,0,1.0,0,0.9459649529349108,0.0383381,gift_card_request,0.0745358389106454,0,0,0,0,0.0,0,softfail,none,permerror,1,TLS 1.1,0,1,0,0,0,9.6374429559258e-06,self signed,4.881417584320503e-15,0.0006109025064191,0,1,0
D155,0,0.0014112801240001,0,0.0010426634969261,0,0,0,0.024323534709009,0,0,0,0,0,2.643888406540731e-07,6.961010625174813e-05,0,0,0,0,0.2399722778935378,0,0,4,65.71956874406037,"[""""]",0,0,2.6679721897621658e-08,0,0,0.7185257125015331,0,0.0843737814358655,1.4845045875731169e-08,8.66413423333677e-07,0,0,0,1.0,0,0.1105012786059952,0.8102443,wire_transfer,0.0039726667473421,0,0,0,0,0.0,0,pass,policy,temperror,1,TLS 1.2,0,0,0,0,0,3.659302152221903e-08,self signed,0.0049601914502339,0.1103389612405053,0,1,2
D156,0,2.6736673738270454e-08,0,0.0140498226376805,0,0,0,0.0967140394770297,0,0,0,0,0,0.0133768835902031,3.0858868856832014e-07,0,0,0,0,0.6098912750591101,0,1,4,3.5232202153444905e-22,"[""""]",0,0,0.0683916755288432,0,0,0.0841421636834662,0,0.0393590230376898,1.2732643293482728e-12,0.0001186621239143,0,0,0,0.5,0,0.0010278064387433,0.5698128,document_download,0.0001390557729674,0,0,0,0,0.0,0,pass,none,none,1,TLS 1.2,2,0,0,0,0,0.3296891805290223,self signed,0.0063194010645906,0.2385281342153714,0,1,1
D157,0,0.0256765347275099,0,0.0003440112816579,0,0,0,0.0,0,0,0,0,0,0.0,0.0,0,0,0,0,0.0,0,0,0,0.0,"[""""]",0,0,5.4603737833387984e-08,0,0,3.5564321320381246e-05,0,0.0001284687757534,0.0304850644875455,0.3521434290305067,0,0,0,0.5,0,3.751360924788485e-13,0.9345899,none,0.0100243102646264,0,0,0,0,1.1,0,pass,none,none,1,TLS 1.0,0,0,0,0,0,1.8763402574711144e-10,self signed,0.0001659542130441,0.0004484530518739,0,1,0
D158,0,0.0529365906819125,0,0.0002393923776447,0,0,0,0.0,0,0,0,0,0,0.0,0.0,0,0,0,0,0.0,0,0,0,0.0,"[""""]",0,0,0.0096944711236306,1,0,0.0982488264250737,0,0.0354810576088022,0.0001763962963547,0.0692146085909727,0,0,0,0.5,0,2.355456978478768e-06,0.7572812,sensitive_data_request,0.0165680051577317,0,0,0,0,0.0,0,pass,policy,fail,1,TLS 1.2,1,1,0,0,0,0.6704046193123303,valid,0.0002572349829851,0.0001833377059543,0,1,5
D159,0,0.0009302371510855,0,0.0021718817846772,0,0,0,0.0025245654650125,0,1,0,0,0,2.007663519761104e-13,0.0026980908134068,0,0,0,0,0.8587588552942989,0,1,4,0.002709096133434,"[""""]",0,0,0.0075040431942062,0,0,0.0004142444347643,0,0.0013966584654338,0.0142761511009047,0.0083893268456169,0,0,0,1.0,0,1.311852860140859e-19,0.1053676,meeting_request,0.2713744902760667,0,0,0,0,0.0,0,pass,policy,temperror,1,TLS 1.2,1,0,0,0,0,0.0129409020073412,valid,0.0251073010439946,1.3404015788409745e-12,0,1,0
D160,0,0.0127264801868467,0,5.922399095099475e-12,0,0,0,0.0008009842677792,0,1,0,0,0,2.258534189401793e-05,0.0844018897111101,0,0,0,0,0.9580012082400086,0,1,4,3.3655940105226766e-10,"[""""]",0,0,0.0216145275878024,0,0,0.0016913180644167,0,0.0279944166608988,8.189290149605655e-05,0.0010982208752232,0,0,0,0.5,0,0.072422784873001,0.9674219,none,0.3311547038860398,0,0,0,0,0.0,0,pass,neutral,fail,1,TLS 1.1,2,0,0,0,0,0.0005383096046464,valid,0.3590910882557502,0.9354670198163568,0,1,0
D161,0,3.326324319613776e-07,0,0.7628344689802291,0,0,0,0.0,0,0,0,0,0,0.0,0.0,0,0,0,0,0.0,0,0,0,0.0,"[""""]",0,0,0.0009515495018111,0,0,0.0851353437064547,0,0.2581821541815726,0.501696704250675,0.7584260023524435,0,0,0,1.0,0,0.0002484466876962,0.7912712,none,6.595244215756505e-07,0,0,0,0,0.0,0,fail,pass,none,1,TLS 1.0,1,0,0,0,0,0.3841246972158214,valid,1.1532994629252126e-06,7.390196777217896e-08,0,1,0
D162,0,0.0341373622966507,0,0.0028275930016599,0,0,0,0.457957970352372,0,1,0,0,0,0.1320119551419401,0.2857927606149634,0,0,0,0,0.9318067312597756,0,0,4,4.900868924415191e-10,"[""""]",0,0,2.6116070107519025e-05,0,1,0.0113807025659938,0,3.048311721628264e-05,1.4889815422613988e-13,6.359265933140512e-05,0,0,1,1.0,0,3.0084851005904355e-05,0.9208544,legal_threat,0.0027380005549005,0,0,0,0,0.0,0,pass,pass,none,1,TLS 1.2,0,0,0,0,0,0.0009674898444099,valid,0.0028046554548078,4.092141639887998e-11,0,1,5
D163,0,3.368379813061062e-17,0,0.0011579101220018,0,1,0,0.0020157014958837,0,0,0,0,0,0.1031969238065091,0.3212568120219286,0,1,0,0,0.1281121105521825,0,1,4,1.0241115426958109e-45,"[""""]",0,0,8.2241211312877e-05,0,0,0.0007089154324973,0,0.0047238071573783,0.0142228512716065,1.5010577356837417e-08,0,0,0,1.0,0,1.542366123520363e-12,0.8617242,link_click,0.000562328111541,0,0,0,0,0.0,0,pass,fail,pass,1,SSL,0,0,0,0,0,0.0075871704065102,valid,0.0030060292092051,0.0047518286626949,0,1,4
D164,0,0.0002664909637416,0,0.2684449524602022,0,0,0,0.0,0,0,0,0,0,0.0,0.0,0,0,0,0,0.0,0,0,0,0.0,"[""""]",0,0,1.3641796053736417e-07,0,0,0.0004890802378651,0,6.22338886891636e-07,7.102233024117884e-07,0.0321669145386927,0,0,0,1.0,0,0.0001081194597101,0.8398241,bank_detail_update,7.0916861767763686e-15,0,0,0,1,0.0,0,pass,none,none,1,TLS 1.2,0,0,1,0,0,0.020601727670284,revoked,7.2022003348863285e-06,1.128465758599604e-08,0,1,3
D165,0,0.0002891267331138,0,0.0019528100719609,0,0,0,0.0020473196272871,0,0,0,0,0,0.201030032054322,4.3448160781932e-11,0,0,1,0,0.6383350523159834,0,0,4,2.06069614612278e-26,"[""""]",0,0,0.0143741461245241,0,0,0.002571593291539,0,1.9349918901284754e-14,2.214292999945637e-07,0.6965040121820141,0,0,0,0.0,0,4.011187918717837e-08,0.6950297,vpn_or_mfa_reset,0.002097530021029,0,0,0,0,0.0,0,fail,pass,none,1,TLS 1.2,0,0,0,0,0,0.1337296070705081,expired,0.0434420058980751,2.6634860758797883e-05,0,1,0
D166,0,5.012529679739693e-06,0,0.0001446922648914,0,0,0,0.0,0,0,0,0,0,0.0,0.0,0,0,0,0,0.0,0,0,0,0.0,"[""""]",0,0,0.0030479609788492,0,1,1.2868780562667947e-05,0,0.0002790487061619,0.3406256194577087,0.350951745752307,0,0,0,0.0,0,1.88162311328561e-05,0.7184478,urgent_callback,0.8409611475363801,0,0,0,0,0.0,0,pass,pass,none,1,TLS 1.3,0,0,0,0,0,1.017029523812227e-06,expired,0.117065868648881,0.0015134909635513,1,1,0
D167,0,0.0804782417170521,0,0.0039126537299056,0,0,0,1.5469114869209012e-08,0,0,0,0,0,3.376295394331952e-23,0.0536075725472793,1,0,0,0,0.8277162370614096,0,3,5,1.4344288151398042e-44,"[""""]",0,0,2.2268598042236326e-07,0,0,4.837150400238772e-06,0,1.1178546478922371e-05,3.21458242359663e-05,0.0036815529815701,0,0,0,1.0,0,0.0867498272928752,0.4731204,none,0.943816489530103,0,0,0,0,0.0,0,pass,none,temperror,1,TLS 1.2,0,0,0,0,0,7.323195354549313e-05,self signed,1.4725737560343254e-11,5.222683604012366e-06,0,1,0
D168,0,0.0007457123970189,0,4.562920796468864e-05,0,0,0,0.0,0,0,0,0,0,0.0,0.0,0,0,0,0,0.0,0,0,0,0.0,"[""""]",0,1,0.0443312623554775,0,0,4.98564291638609e-10,0,4.449741254747498e-05,0.0158898774111306,2.216796366509e-08,0,0,0,1.0,1,0.5831702077952907,0.1769838,link_click,3.170344295145597e-05,0,0,0,0,0.0,0,fail,pass,fail,1,TLS 1.3,0,0,0,0,0,0.6675924552229379,valid,0.922149527597552,7.1231583697117014e-12,0,1,0
D169,0,0.0007399874262557,0,5.340064624971743e-05,0,0,1,0.0002265111100623,0,0,0,0,0,0.0016173343900886,0.8341894388001374,0,0,0,0,0.6786406416468693,0,0,7,0.2119032851196284,"[""""]",0,0,0.4746751745948537,0,0,0.00303135337252,0,0.0261309628238527,0.0014911738624406,0.0002385619605076,0,0,0,1.0,0,0.0001106439451774,0.8205473,none,2.0648689708454152e-16,0,0,0,0,0.0,0,fail,none,pass,1,SSL,4,0,0,0,0,2.864917077761005e-05,valid,0.0001818448279128,0.0435733925896562,0,1,0
D170,0,9.05435979116478e-05,0,0.6531155086391267,0,0,0,0.5574836236640125,0,0,0,0,0,0.1082465412493703,8.097202166475389e-07,0,0,1,0,0.9326562255064652,0,0,6,5.302309804801691e-10,"[""""]",0,0,0.7129436454584298,0,0,0.1225269332046092,0,0.0045394537083985,4.41848967001262e-05,0.0002361520580906,0,1,0,0.5,0,0.0176979395197736,0.670705,wire_transfer,8.72896817755422e-10,0,0,1,0,0.0,0,pass,policy,pass,1,TLS 1.1,0,0,0,0,0,3.756770762759171e-07,valid,5.8880874069648215e-05,2.165748252234623e-06,0,1,0
D171,0,0.0005754374396047,0,0.0877864262468153,0,0,0,0.0,0,0,0,0,0,0.0,0.0,0,0,0,0,0.0,0,0,0,0.0,"[""""]",0,0,9.86968289834506e-11,0,0,0.047806571994349,0,0.1058624450761122,0.0153425786195589,0.0863394296912058,1,2,0,1.0,0,4.475725605709741e-09,0.3757893,wire_transfer,1.3366932512637387e-10,0,0,0,0,0.0,0,pass,policy,none,1,TLS 1.3,0,0,0,0,0,0.2862215030343882,valid,6.922326746985578e-06,0.0017828899973964,0,1,0
D172,0,8.643409583266215e-07,0,0.0032655930099357,1,0,0,0.0223850579791211,0,0,1,0,9,0.0002072440308539,0.8723692553855915,0,0,0,0,0.2632023558219954,0,0,4,1.216887707446972e-51,"[""""]",0,0,0.0004453757584907,0,0,0.015759666036368,0,0.1536744392533047,0.532505276111231,0.1910127672113174,0,0,0,0.5,0,2.9961569702974584e-11,0.3288913,gift_card_request,0.0005551455515073,0,0,0,0,0.0,0,softfail,permerror,pass,1,SSL,0,0,5,0,0,3.071692740979841e-07,valid,0.0295675028593706,5.702711448033594e-11,0,1,0
D173,0,1.5177502405084916e-07,0,0.2674630624653376,0,0,0,0.5160627406064311,0,0,0,0,0,0.0002193065394297,1.914265294568644e-05,0,0,0,0,0.7441162821573397,0,0,7,1.851888100630733e-46,"[""""]",0,0,0.0016686336008523,0,0,0.0001037713212019,0,5.419861623304734e-09,0.0993972258615534,1.9908864236413304e-06,0,0,0,1.0,0,0.4234271074936338,0.9341016,none,0.0004970257969562,0,0,0,0,0.0,0,fail,none,temperror,1,TLS 1.3,0,0,0,0,0,5.1067843210145225e-06,valid,0.1000696648950012,0.0238694499456881,0,1,0
D174,0,0.0001081558928907,0,0.1340254471518776,0,0,0,0.1237119340523555,0,0,0,0,0,0.0490685722158856,0.0001467135548137,0,0,0,0,0.9367468688349936,0,4,4,1.9018533702923791e-34,"[""""]",0,0,0.0162168220332195,0,0,0.0029513750362579,0,0.0006370968079475,5.736537090926396e-06,0.0047083277597751,0,0,0,1.0,0,0.0024532845049432,0.7106892,none,0.6523659222265228,0,0,0,0,0.0,0,softfail,none,pass,1,TLS 1.2,1,0,0,0,0,0.0999325544269531,valid,0.0252534190304781,5.610848202930254e-09,0,1,0
D175,0,1.900515082903464e-05,0,0.0699272989220654,0,0,0,0.0,0,0,0,0,0,0.0,0.0,0,0,0,0,0.0,0,0,0,0.0,"[""""]",0,0,0.9394322814229784,0,0,0.0023783585687872,0,7.638490107779868e-08,1.2412149312942583e-06,1.1254276065163216e-14,0,0,0,0.5,1,0.0533879143026191,0.772266,invoice_verification,0.3190431053405647,0,0,0,0,0.0,0,pass,fail,temperror,1,TLS 1.2,4,0,0,0,0,1.0438348026779717e-12,valid,1.1823366342244796e-08,0.0002039023829674,0,1,0
D176,0,5.9796476969170075e-09,0,5.444722624190748e-06,0,0,0,0.3729905423869765,0,0,0,0,0,0.3492576155936376,0.6692985634898314,1,0,0,0,0.1381732473580664,0,0,4,6.988614257502159e-62,"[""""]",0,0,0.0002664680350158,0,0,1.0578497013116585e-08,0,0.1090000381313283,0.000343721335063,8.767275055064987e-06,0,0,0,0.5,0,0.0001739884881813,0.4472303,none,2.734078253418066e-06,0,0,0,0,0.0,0,fail,policy,fail,1,TLS 1.1,0,0,0,0,0,1.1644198867274511e-20,self signed,0.2597290176439322,0.0227865044895478,0,1,0
D177,0,0.0055496589577712,0,2.425996739633832e-09,0,0,0,0.055290037288858,0,0,0,0,0,0.0007072014700603,0.9192588013355708,0,0,0,0,0.9889610710061078,0,0,6,4.2901263603613196e-14,"[""""]",0,0,0.00112264471369,0,0,0.8133390091110385,0,0.983047506838793,0.2717251191558082,0.0817391048393639,0,1,0,1.0,0,0.0373255433348756,0.6803981,none,2.800992107231597e-08,0,0,0,0,0.0,0,fail,fail,none,1,TLS 1.3,4,0,0,0,0,7.005842431328858e-05,valid,0.9297596303692204,0.0045185389561719,0,1,0
D178,0,7.981841374655538e-06,0,0.0063223399092034,0,0,0,0.0,0,0,0,0,0,0.0,0.0,0,0,0,0,0.0,0,0,0,0.0,"[""""]",0,0,0.0006903773568805,0,0,0.000124867385948,0,0.0090566347503604,0.3062527859047602,0.1599966035175476,0,0,0,1.0,0,0.4659342129356075,0.6584702,wire_transfer,2.316880550913801e-06,0,0,0,0,0.0,0,fail,neutral,temperror,1,TLS 1.2,1,0,0,0,0,6.927650434136785e-06,valid,0.2158710137957887,8.524323914825102e-05,0,1,0
D179,0,1.531099193988393e-07,0,4.063248930751901e-05,0,0,0,0.0,0,0,0,0,0,0.0,0.0,0,0,0,0,0.0,0,0,0,0.0,"[""""]",0,0,5.857766361634729e-06,0,0,0.0013069745453408,0,4.815873125067477e-05,0.0376033462813938,0.4872805092573402,0,0,0,1.0,0,0.3316200292163441,0.6569822,none,0.3014113181247392,0,1,0,0,0.0,0,pass,none,temperror,1,TLS 1.2,0,0,0,0,1,1.2356422059327884e-05,valid,0.0001611514959737,0.0698635743168713,0,1,0
D180,0,2.5672203432629638e-11,0,2.267823201128982e-06,0,0,0,0.0,0,0,0,0,0,0.0,0.0,0,0,0,0,0.0,0,0,0,0.0,"[""""]",0,0,0.0003452314423202,0,0,7.911723353577964e-07,0,0.0002218734393198,0.3004198818660524,7.280355265288174e-05,0,0,0,1.0,0,0.0002476985674109,0.8051478,none,8.819050448673086e-07,0,0,0,0,0.0,0,pass,policy,none,1,TLS 1.1,0,0,0,0,0,0.0001370158008465,valid,2.8761351534907683e-08,0.0009505955589045,1,1,0
D181,1,1.0955400252383988e-14,0,9.887183282471704e-20,0,0,0,0.0,0,0,0,0,0,0.0,0.0,0,0,0,0,0.0,0,0,0,0.0,"[""""]",0,0,0.0564993393269596,0,0,0.603848523012498,0,0.5331701481382837,7.520067577718051e-05,0.0022605885422569,0,0,0,0.0,0,3.3000496610279954e-09,0.2128784,none,0.6117383327856856,0,0,0,0,0.0,0,pass,policy,temperror,1,TLS 1.2,4,0,0,0,0,5.278121088189963e-06,valid,0.3900139512771733,0.017137522996803,0,1,0
D182,0,0.004880330493706,0,0.0087985800116344,0,0,0,0.0,0,0,0,0,0,0.0,0.0,0,0,0,0,0.0,0,0,0,0.0,"[""""]",0,0,0.2294119654105363,0,0,1.7282060142327547e-06,0,0.0071569054515985,0.1306677194071413,0.3286730185120801,0,0,0,1.0,0,1.2291534590154028e-08,0.6912151,gift_card_request,0.1752198656750929,0,0,0,0,0.0,0,fail,fail,temperror,1,TLS 1.1,0,0,0,0,0,0.0489049675290099,valid,7.266721872045253e-11,0.166581107158687,0,0,0
D183,0,5.157833208920597e-05,0,4.0187988896257314e-09,0,0,0,0.0014582923950823,0,0,0,0,0,0.0087798078580409,0.0001760666223662,0,0,0,0,0.5524086609034963,0,0,7,0.1693981072380204,"[""""]",0,0,5.797126357920269e-07,0,0,3.6865667435629655e-10,0,0.0001757639890686,1.4495928343064442e-05,0.0003145087116071,0,0,0,1.0,0,2.5161554169743643e-08,0.5238355,wire_transfer,0.9887199107333868,0,0,0,0,0.0,0,pass,policy,fail,1,TLS 1.1,0,0,0,0,0,0.5452565132919739,self signed,2.485199425414717e-07,0.0631820478288548,0,1,0
D184,0,1.7241594824547144e-07,0,0.5839748031497992,0,0,0,0.0028669108651178,0,0,0,0,0,0.0146328866300273,0.0158091280517862,0,0,0,1,0.7219115971171797,0,0,4,3.9580623221000704e-10,"[""""]",0,0,5.142497886254155e-07,0,0,9.650640862236726e-06,0,4.472708270708103e-06,0.8926329345757092,3.6857866552922683e-07,0,0,0,1.0,0,0.1826945186712624,0.826147,document_download,0.0065693324100221,0,0,1,0,0.0,0,pass,none,temperror,1,TLS 1.0,0,0,0,0,0,0.158617050578626,valid,0.1664218037027046,2.3157880163321683e-08,0,1,5
D185,0,0.2639428677095244,0,6.932565233715355e-09,0,0,0,0.0,0,0,0,0,0,0.0,0.0,0,0,0,0,0.0,0,0,0,0.0,"[""""]",0,0,1.6140223892634914e-10,0,0,6.644025416773857e-12,0,0.000207432602132,2.6391832506380133e-06,0.1233583728054536,0,0,0,0.5,0,0.003230466367866,0.7925625,none,5.780865922612585e-07,0,0,0,0,0.0,0,fail,fail,permerror,1,TLS 1.2,0,0,0,0,0,0.0017298849200593,valid,5.0257316693536076e-11,4.415261826964078e-06,0,1,0
D186,0,0.0046044019481883,0,0.7491100577867214,1,0,0,0.0,0,0,0,0,0,0.0,0.0,0,0,0,0,0.0,0,0,0,0.0,"[""""]",0,0,0.1667942791609481,0,0,2.5044200973307643e-06,0,4.895902636003213e-07,0.2986559692534216,0.0006915758965723,0,0,0,1.0,0,2.5872217390054944e-06,0.7171852,sensitive_data_request,0.1249097875062787,0,0,0,0,0.0,0,fail,none,pass,1,SSL,4,0,0,0,0,0.0479580943714535,valid,0.0092189843104957,8.63444822773422e-08,0,1,4
D187,0,1.941852463189083e-06,0,0.0001919080212605,0,0,0,3.625630716525818e-05,0,0,0,0,0,0.5313737404311714,0.0002939343216839,0,0,0,1,0.6678660935481762,0,0,4,8.310863755714806e-67,"[""""]",0,0,2.090605714562324e-08,0,0,0.0246811613877926,0,0.1342215901825551,0.0029240430698254,0.0009443540946172,0,0,0,0.5,0,5.72418720688693e-07,0.489777,meeting_request,0.0445025626104655,0,0,0,0,0.0,0,fail,none,none,1,TLS 1.2,0,0,0,0,0,0.0014792801110181,valid,0.01204149818424,1.0694168905192432e-06,0,1,0
D188,0,0.1107855489170439,1,7.90064376185204e-05,0,0,0,0.0098462490431239,0,0,0,0,0,8.669596565936806e-05,0.1529789199182701,0,0,0,0,0.7014176387133604,0,0,5,0.3009224920635079,"[""""]",0,1,0.8280446327176832,0,0,0.2774425860682726,0,0.0556038286274659,0.0478242924016356,0.013445647536681,0,0,0,0.5,0,0.1216011897736815,0.8379176,none,0.3849941239894754,0,0,0,0,0.0,0,pass,fail,pass,1,TLS 1.3,0,0,0,0,0,2.499638318239825e-13,valid,2.634447670163345e-08,8.776260501524259e-07,0,1,3
D189,0,0.948780586987805,0,0.1727692362939026,1,0,0,0.0,0,0,0,0,0,0.0,0.0,0,0,0,0,0.0,0,0,0,0.0,"[""""]",0,0,0.0049992378917303,0,0,0.0275583086515392,0,0.3363143377484757,0.9025704027310968,0.0134226418538703,0,5,0,1.0,0,0.2300406339487189,0.8620482,none,0.0054556802790481,0,0,0,0,0.0,0,fail,pass,pass,1,TLS 1.0,1,0,0,0,0,4.533839152162419e-11,expired,3.6613760899524537e-07,9.453626095063089e-06,0,1,0
D190,0,1.809208091752582e-08,0,0.041656510072782,0,0,0,0.0010456344741038,0,0,0,0,0,0.0007725880836401,0.0039813983669921,1,0,0,0,0.2428479164229797,0,0,4,6.760532740455208e-27,"[""""]",0,0,0.2223393345852714,0,0,2.0446702191134825e-05,0,0.0035648833512001,0.403892094997155,0.2271930778274031,0,0,0,0.5,0,0.0887208904133477,0.0747489,legal_threat,0.0617028547978639,0,0,0,0,0.0,0,pass,none,none,1,TLS 1.3,0,0,0,0,0,0.4584852146645279,valid,4.739521203854182e-08,1.4287194846470165e-05,0,1,0
D191,0,0.0069850360403734,0,0.8189245876595532,0,0,0,0.3978760473535248,0,0,0,0,0,0.5463497608961174,0.0165635927725765,0,0,0,0,0.4766760070789987,0,1,4,8.836663735036231e-16,"[""""]",0,0,9.78418816482843e-05,0,1,0.0347293236931365,0,0.0039761697360336,0.0948329729646184,0.6671303547105991,0,0,0,1.0,0,0.3085188566977451,0.1160621,link_click,0.0005501979719769,0,0,0,0,0.0,0,pass,pass,fail,1,TLS 1.2,1,0,0,0,0,0.0270575694786035,valid,3.551706958319e-22,0.0546973671765033,0,1,0
D192,0,8.934209012591261e-11,0,9.60783271845546e-05,0,0,0,0.0,0,0,0,0,0,0.0,0.0,0,0,0,0,0.0,0,0,0,0.0,"[""""]",0,0,0.0004286724435656,0,0,0.8248585076186532,0,0.1512779506286302,0.1353270659405008,0.0032834394642053,0,0,0,0.0,0,2.0315285753017376e-06,0.6799178,bank_detail_update,2.08808498760532e-13,0,0,0,0,0.0,0,pass,none,pass,1,TLS 1.1,0,0,0,0,0,0.0720316327085738,valid,0.0174544608164716,0.0013807476987764,0,1,3
D193,0,0.2150648501033746,0,0.0146126503298646,0,0,0,0.0476578378075066,0,0,0,0,0,3.386177607740765e-08,0.4129228094479917,0,0,0,0,0.0982370134716087,0,0,5,4.3942096179210396e-26,"[""""]",0,0,5.021094367941894e-06,0,0,0.0007562404555253,0,0.0012705974957372,8.213647064404711e-07,0.2140387786881006,0,0,0,0.5,0,5.374624872153992e-05,0.9012315,vpn_or_mfa_reset,1.890591810243673e-07,0,0,0,0,0.0,0,fail,none,pass,1,TLS 1.2,2,0,0,0,0,0.8778150742773672,expired,3.340666720939e-07,0.0039434756947686,0,1,0
D194,0,0.0075488359128453,0,2.4078613584981075e-05,0,0,0,0.1306038692838227,0,0,0,0,0,0.0842454544235779,3.517821349355163e-05,0,0,0,0,0.0076810676650765,0,1,4,2.2118676030886867e-06,"[""""]",0,0,3.4182615125239946e-07,0,0,0.0320653619263985,0,4.749826628903396e-06,0.1444578735657319,0.1966086584643438,0,0,0,0.5,0,0.0143748558053828,0.2308192,vpn_or_mfa_reset,0.0507590821571143,0,0,0,0,0.0,0,pass,fail,pass,1,TLS 1.2,1,0,0,0,0,1.091927088204553e-09,valid,2.085043157454833e-05,0.0240900846927867,0,1,0
D195,0,4.0144062640990025e-05,0,0.0695010506363096,0,0,0,0.1220062220596145,0,0,0,0,0,0.5541528763914347,0.0008923332360298,0,0,0,0,0.2177690153836702,0,4,4,9.077997286007603,"[""""]",0,0,0.0631789812996797,0,0,9.054722852621666e-15,0,1.366958834719729e-05,0.0009897085350221,3.3556413990638295e-05,0,0,0,1.0,0,0.0001925898723178,0.5511447,none,2.229049700361922e-09,0,0,0,0,0.0,0,softfail,neutral,none,1,TLS 1.2,0,0,0,0,0,0.0005737440875806,self signed,0.3293125080249811,0.600550622476865,0,1,0
D196,0,0.0038265021720307,0,0.2312605931776703,0,0,0,0.0,0,0,0,0,0,0.0,0.0,0,0,0,0,0.0,0,0,0,0.0,"[""""]",0,0,0.0091727693920785,0,0,0.0956501103106928,0,0.0148817881908643,4.843038209657928e-06,0.0935198166753859,0,0,0,1.0,0,0.0005034502289093,0.964965,invoice_verification,0.11711343820303,0,0,0,0,0.0,0,fail,neutral,pass,1,TLS 1.3,0,0,0,0,0,1.2559432692571097e-05,expired,8.337879382912811e-08,0.2545365306667409,0,1,0
D197,0,0.0300366077433353,0,0.0001107562231356,1,0,0,0.1957907640361863,0,0,0,0,0,0.1129496425869753,0.2060459178914231,0,0,0,0,0.700182208533883,0,0,4,1.0770092951252261e-83,"[""""]",0,0,2.1122724309346807e-10,0,0,0.1209087717136107,0,0.2972739214188388,0.0180495317555213,0.0175612866445246,0,0,1,1.0,0,8.091188609229089e-11,0.0468604,none,0.5702133471928043,0,0,0,0,0.0,0,fail,none,none,1,TLS 1.1,0,0,0,0,0,0.5443733440314735,expired,4.895845133409896e-05,1.0330466623454644e-07,0,1,0
D198,0,0.0010300942787041,0,0.0187972948905563,0,1,0,0.0418478557903957,0,0,0,0,0,0.006058867755269,0.0034015704440542,0,0,0,0,0.7125342734142395,0,1,4,7.279986302628863e-34,"[""""]",0,1,0.0812888955553647,0,0,1.408751361283478e-07,0,1.2196757056357118e-06,0.2622833153742937,0.000147339660855,0,0,0,0.5,0,1.928609769504244e-11,0.6142275,none,0.0152157962118059,0,0,0,0,0.0,0,fail,fail,fail,1,TLS 1.2,0,0,0,0,0,0.0001674630171483,self signed,0.0050733497187966,3.734720907567295e-05,0,1,0
D199,0,0.354770729496722,0,0.5476753837682999,0,0,0,0.0,0,0,0,0,0,0.0,0.0,0,0,0,0,0.0,0,0,0,0.0,"[""""]",0,0,0.0073372851521365,0,0,0.0020838940945773,0,0.3282589273998954,0.0010675441340464,0.0074427779690617,0,6,0,1.0,0,1.2199947522323656e-05,0.8743894,wire_transfer,0.0142535928510189,0,0,0,0,0.0,0,fail,fail,pass,1,TLS 1.3,1,0,0,0,0,0.020772661085971,valid,5.140915962677586e-12,0.4397867168488863,0,1,0
D200,0,0.4155647154974221,0,0.0883120845378655,0,0,0,0.0,0,0,0,0,0,0.0,0.0,0,0,0,0,0.0,0,0,0,0.0,"[""""]",0,0,0.0341127066138323,0,0,0.0002161048631803,0,0.1436132839836295,0.0569982091911199,4.799917903701675e-07,0,0,0,1.0,0,0.0045100689452277,0.3715588,none,6.748908517476125e-12,0,0,0,0,0.0,0,pass,fail,temperror,1,TLS 1.1,0,0,0,0,0,1.2872067079951343e-06,valid,1.6848070877903836e-05,0.0014756107149286,1,1,0
